lat,lon,name,description,comment,time,symbol,source_file
36.878532,129.427063,,해양수산부 어초 수심:11.8m (해도:KR4G1N10),해양수산부 어초 수심:11.8m (해도:KR4G1N10),,Fish,gyeongsang_points.gpx
36.922909,129.428635,,해양수산부 어초 수심:15.7m (해도:KR4G1N10),해양수산부 어초 수심:15.7m (해도:KR4G1N10),,Fish,gyeongsang_points.gpx
36.900611,129.428278,,해양수산부 어초 수심:15.2m (해도:KR4G1N10),해양수산부 어초 수심:15.2m (해도:KR4G1N10),,Fish,gyeongsang_points.gpx
36.953139,129.428694,,해양수산부 어초 수심:16.6m (해도:KR4G1N10),해양수산부 어초 수심:16.6m (해도:KR4G1N10),,Fish,gyeongsang_points.gpx
36.89809,129.422895,,해양수산부 어초 수심:7.3m (해도:KR4G1N10),해양수산부 어초 수심:7.3m (해도:KR4G1N10),,Fish,gyeongsang_points.gpx
36.805263,129.470909,,해양수산부 어초 수심:27m (해도:KR4G1N10),해양수산부 어초 수심:27m (해도:KR4G1N10),,Fish,gyeongsang_points.gpx
36.783688,129.473452,,해양수산부 어초 수심:11.8m (해도:KR4G1N10),해양수산부 어초 수심:11.8m (해도:KR4G1N10),,Fish,gyeongsang_points.gpx
36.824398,129.456617,,해양수산부 어초 수심:19m (해도:KR4G1N10),해양수산부 어초 수심:19m (해도:KR4G1N10),,Fish,gyeongsang_points.gpx
36.871243,129.424653,,해양수산부 어초 수심:12m (해도:KR4G1N10),해양수산부 어초 수심:12m (해도:KR4G1N10),,Fish,gyeongsang_points.gpx
36.825084,129.461685,,해양수산부 어초 수심:28.5m (해도:KR4G1N10),해양수산부 어초 수심:28.5m (해도:KR4G1N10),,Fish,gyeongsang_points.gpx
36.997157,129.42048,,해양수산부 어초 수심:5.7m (해도:KR4G1N10),해양수산부 어초 수심:5.7m (해도:KR4G1N10),,Fish,gyeongsang_points.gpx
36.870139,129.43723,,해양수산부 어초 수심:27.5m (해도:KR4G1N10),해양수산부 어초 수심:27.5m (해도:KR4G1N10),,Fish,gyeongsang_points.gpx
36.819232,129.460994,,해양수산부 어초 수심:18.9m (해도:KR4G1N10),해양수산부 어초 수심:18.9m (해도:KR4G1N10),,Fish,gyeongsang_points.gpx
36.8068,129.475568,,해양수산부 어초 수심:38m (해도:KR4G1N10),해양수산부 어초 수심:38m (해도:KR4G1N10),,Fish,gyeongsang_points.gpx
36.81021,129.474433,,해양수산부 어초 수심:39m (해도:KR4G1N10),해양수산부 어초 수심:39m (해도:KR4G1N10),,Fish,gyeongsang_points.gpx
36.865998,129.439551,,해양수산부 어초 수심:35m (해도:KR4G1N10),해양수산부 어초 수심:35m (해도:KR4G1N10),,Fish,gyeongsang_points.gpx
36.873841,129.439935,,해양수산부 어초 수심:31m (해도:KR4G1N10),해양수산부 어초 수심:31m (해도:KR4G1N10),,Fish,gyeongsang_points.gpx
36.998871,129.441699,,해양수산부 어초 수심:34m (해도:KR4G1N10),해양수산부 어초 수심:34m (해도:KR4G1N10),,Fish,gyeongsang_points.gpx
36.996466,129.432145,,해양수산부 어초 수심:29m (해도:KR4G1N10),해양수산부 어초 수심:29m (해도:KR4G1N10),,Fish,gyeongsang_points.gpx
36.998278,129.444189,,해양수산부 어초 수심:42m (해도:KR4G1N10),해양수산부 어초 수심:42m (해도:KR4G1N10),,Fish,gyeongsang_points.gpx
36.99469,129.427927,,해양수산부 어초 수심:22.5m (해도:KR4G1N10),해양수산부 어초 수심:22.5m (해도:KR4G1N10),,Fish,gyeongsang_points.gpx
36.978675,129.440478,,해양수산부 어초 수심:45m (해도:KR4G1N10),해양수산부 어초 수심:45m (해도:KR4G1N10),,Fish,gyeongsang_points.gpx
36.982808,129.442217,,해양수산부 어초 수심:43m (해도:KR4G1N10),해양수산부 어초 수심:43m (해도:KR4G1N10),,Fish,gyeongsang_points.gpx
36.904655,129.424609,,해양수산부 어초 수심:15.9m (해도:KR4G1N10),해양수산부 어초 수심:15.9m (해도:KR4G1N10),,Fish,gyeongsang_points.gpx
36.988274,129.42451,,해양수산부 어초 수심:11.4m (해도:KR4G1N10),해양수산부 어초 수심:11.4m (해도:KR4G1N10),,Fish,gyeongsang_points.gpx
36.975834,129.43574,,해양수산부 어초 수심:34m (해도:KR4G1N10),해양수산부 어초 수심:34m (해도:KR4G1N10),,Fish,gyeongsang_points.gpx
36.90728,129.427471,,해양수산부 어초 수심:16m (해도:KR4G1N10),해양수산부 어초 수심:16m (해도:KR4G1N10),,Fish,gyeongsang_points.gpx
36.204345,129.379899,,해양수산부 어초 수심:9.4m (해도:KR4G1N30),해양수산부 어초 수심:9.4m (해도:KR4G1N30),,Fish,gyeongsang_points.gpx
36.385496,129.415721,,해양수산부 어초 수심:20.7m (해도:KR4G1N30),해양수산부 어초 수심:20.7m (해도:KR4G1N30),,Fish,gyeongsang_points.gpx
36.475498,129.445314,,해양수산부 어초 수심:28m (해도:KR4G1N30),해양수산부 어초 수심:28m (해도:KR4G1N30),,Fish,gyeongsang_points.gpx
36.484389,129.448322,,해양수산부 어초 수심:26m (해도:KR4G1N30),해양수산부 어초 수심:26m (해도:KR4G1N30),,Fish,gyeongsang_points.gpx
36.421536,129.44663,,해양수산부 어초 수심:57m (해도:KR4G1N30),해양수산부 어초 수심:57m (해도:KR4G1N30),,Fish,gyeongsang_points.gpx
36.381022,129.418692,,해양수산부 어초 수심:39m (해도:KR4G1N30),해양수산부 어초 수심:39m (해도:KR4G1N30),,Fish,gyeongsang_points.gpx
36.351914,129.410225,,해양수산부 어초 수심:53m (해도:KR4G1N30),해양수산부 어초 수심:53m (해도:KR4G1N30),,Fish,gyeongsang_points.gpx
36.444911,129.446751,,해양수산부 어초 수심:34m (해도:KR4G1N30),해양수산부 어초 수심:34m (해도:KR4G1N30),,Fish,gyeongsang_points.gpx
36.462759,129.445573,,해양수산부 어초 수심:33m (해도:KR4G1N30),해양수산부 어초 수심:33m (해도:KR4G1N30),,Fish,gyeongsang_points.gpx
36.392397,129.433017,,해양수산부 어초 수심:63m (해도:KR4G1N30),해양수산부 어초 수심:63m (해도:KR4G1N30),,Fish,gyeongsang_points.gpx
36.208162,129.409018,,해양수산부 어초 수심:29.5m (해도:KR4G1N30),해양수산부 어초 수심:29.5m (해도:KR4G1N30),,Fish,gyeongsang_points.gpx
36.299541,129.387915,,해양수산부 어초 수심:20.2m (해도:KR4G1N30),해양수산부 어초 수심:20.2m (해도:KR4G1N30),,Fish,gyeongsang_points.gpx
36.334729,129.386459,,해양수산부 어초 수심:12.7m (해도:KR4G1N30),해양수산부 어초 수심:12.7m (해도:KR4G1N30),,Fish,gyeongsang_points.gpx
36.345703,129.396751,,해양수산부 어초 수심:22.5m (해도:KR4G1N30),해양수산부 어초 수심:22.5m (해도:KR4G1N30),,Fish,gyeongsang_points.gpx
36.357188,129.394778,,해양수산부 어초 수심:9.5m (해도:KR4G1N30),해양수산부 어초 수심:9.5m (해도:KR4G1N30),,Fish,gyeongsang_points.gpx
36.351765,129.391937,,해양수산부 어초 수심:8.8m (해도:KR4G1N30),해양수산부 어초 수심:8.8m (해도:KR4G1N30),,Fish,gyeongsang_points.gpx
36.34785,129.391322,,해양수산부 어초 수심:9.3m (해도:KR4G1N30),해양수산부 어초 수심:9.3m (해도:KR4G1N30),,Fish,gyeongsang_points.gpx
36.512199,129.452301,,해양수산부 어초 수심:4.7m (해도:KR4G1N10),해양수산부 어초 수심:4.7m (해도:KR4G1N10),,Fish,gyeongsang_points.gpx
36.657019,129.443041,,해양수산부 어초 수심:24.5m (해도:KR4G1N10),해양수산부 어초 수심:24.5m (해도:KR4G1N10),,Fish,gyeongsang_points.gpx
36.661676,129.440908,,해양수산부 어초 수심:19.8m (해도:KR4G1N10),해양수산부 어초 수심:19.8m (해도:KR4G1N10),,Fish,gyeongsang_points.gpx
36.520517,129.449975,,해양수산부 어초 수심:22.1m (해도:KR4G1N10),해양수산부 어초 수심:22.1m (해도:KR4G1N10),,Fish,gyeongsang_points.gpx
36.548385,129.449692,,해양수산부 어초 수심:28.6m (해도:KR4G1N10),해양수산부 어초 수심:28.6m (해도:KR4G1N10),,Fish,gyeongsang_points.gpx
36.676173,129.468471,,해양수산부 어초 수심:15.4m (해도:KR4G1N10),해양수산부 어초 수심:15.4m (해도:KR4G1N10),,Fish,gyeongsang_points.gpx
36.688368,129.474834,,해양수산부 어초 수심:15.3m (해도:KR4G1N10),해양수산부 어초 수심:15.3m (해도:KR4G1N10),,Fish,gyeongsang_points.gpx
36.500301,129.454037,,해양수산부 어초 수심:18.7m (해도:KR4G1N10),해양수산부 어초 수심:18.7m (해도:KR4G1N10),,Fish,gyeongsang_points.gpx
36.662622,129.47007,,해양수산부 어초 수심:32m (해도:KR4G1N10),해양수산부 어초 수심:32m (해도:KR4G1N10),,Fish,gyeongsang_points.gpx
36.590232,129.423043,,해양수산부 어초 수심:21m (해도:KR4G1N10),해양수산부 어초 수심:21m (해도:KR4G1N10),,Fish,gyeongsang_points.gpx
36.593105,129.43636,,해양수산부 어초 수심:40m (해도:KR4G1N10),해양수산부 어초 수심:40m (해도:KR4G1N10),,Fish,gyeongsang_points.gpx
36.597958,129.441508,,해양수산부 어초 수심:47m (해도:KR4G1N10),해양수산부 어초 수심:47m (해도:KR4G1N10),,Fish,gyeongsang_points.gpx
36.584436,129.443123,,해양수산부 어초 수심:46m (해도:KR4G1N10),해양수산부 어초 수심:46m (해도:KR4G1N10),,Fish,gyeongsang_points.gpx
36.622904,129.419389,,해양수산부 어초 수심:11.1m (해도:KR4G1N10),해양수산부 어초 수심:11.1m (해도:KR4G1N10),,Fish,gyeongsang_points.gpx
36.664545,129.4546,,해양수산부 어초 수심:27m (해도:KR4G1N10),해양수산부 어초 수심:27m (해도:KR4G1N10),,Fish,gyeongsang_points.gpx
36.62365,129.437305,,해양수산부 어초 수심:35m (해도:KR4G1N10),해양수산부 어초 수심:35m (해도:KR4G1N10),,Fish,gyeongsang_points.gpx
36.055751,129.380665,,해양수산부 어초 수심:3.2m (해도:KR4G1N30),해양수산부 어초 수심:3.2m (해도:KR4G1N30),,Fish,gyeongsang_points.gpx
36.056203,129.507817,,해양수산부 어초 수심:10.2m (해도:KR4G1N40),해양수산부 어초 수심:10.2m (해도:KR4G1N40),,Fish,gyeongsang_points.gpx
36.015552,129.409646,,해양수산부 어초 수심:6.9m (해도:KR4G1N30),해양수산부 어초 수심:6.9m (해도:KR4G1N30),,Fish,gyeongsang_points.gpx
36.005395,129.436322,,해양수산부 어초 수심:10m (해도:KR4G1N30),해양수산부 어초 수심:10m (해도:KR4G1N30),,Fish,gyeongsang_points.gpx
36.066141,129.414368,,해양수산부 어초 수심:7.7m (해도:KR4G1N30),해양수산부 어초 수심:7.7m (해도:KR4G1N30),,Fish,gyeongsang_points.gpx
36.068303,129.407906,,해양수산부 어초 수심:4.9m (해도:KR4G1N30),해양수산부 어초 수심:4.9m (해도:KR4G1N30),,Fish,gyeongsang_points.gpx
36.07153,129.421621,,해양수산부 어초 수심:7.2m (해도:KR4G1N30),해양수산부 어초 수심:7.2m (해도:KR4G1N30),,Fish,gyeongsang_points.gpx
36.086831,129.425891,,해양수산부 어초 수심:9.6m (해도:KR4G1N30),해양수산부 어초 수심:9.6m (해도:KR4G1N30),,Fish,gyeongsang_points.gpx
36.082269,129.439158,,해양수산부 어초 수심:20m (해도:KR4G1N30),해양수산부 어초 수심:20m (해도:KR4G1N30),,Fish,gyeongsang_points.gpx
36.061512,129.39925,,해양수산부 어초 수심:4.8m (해도:KR4G1N30),해양수산부 어초 수심:4.8m (해도:KR4G1N30),,Fish,gyeongsang_points.gpx
36.090063,129.42505,,해양수산부 어초 수심:4.8m (해도:KR4G1N30),해양수산부 어초 수심:4.8m (해도:KR4G1N30),,Fish,gyeongsang_points.gpx
36.101046,129.463491,,해양수산부 어초 수심:18.8m (해도:KR4G1N30),해양수산부 어초 수심:18.8m (해도:KR4G1N30),,Fish,gyeongsang_points.gpx
36.04803,129.395682,,해양수산부 어초 수심:9.3m (해도:KR4G1N30),해양수산부 어초 수심:9.3m (해도:KR4G1N30),,Fish,gyeongsang_points.gpx
36.039815,129.400932,,해양수산부 어초 수심:9.7m (해도:KR4G1N30),해양수산부 어초 수심:9.7m (해도:KR4G1N30),,Fish,gyeongsang_points.gpx
36.036428,129.497176,,해양수산부 어초 수심:5.3m (해도:KR4G1N30),해양수산부 어초 수심:5.3m (해도:KR4G1N30),,Fish,gyeongsang_points.gpx
36.078807,129.423023,,해양수산부 어초 수심:3.9m (해도:KR4G1N30),해양수산부 어초 수심:3.9m (해도:KR4G1N30),,Fish,gyeongsang_points.gpx
36.090006,129.43627,,해양수산부 어초 수심:14.3m (해도:KR4G1N30),해양수산부 어초 수심:14.3m (해도:KR4G1N30),,Fish,gyeongsang_points.gpx
36.059783,129.393529,,해양수산부 어초 수심:4.2m (해도:KR4G1N30),해양수산부 어초 수심:4.2m (해도:KR4G1N30),,Fish,gyeongsang_points.gpx
36.12224,129.46037,,해양수산부 어초 수심:24m (해도:KR4G1N30),해양수산부 어초 수심:24m (해도:KR4G1N30),,Fish,gyeongsang_points.gpx
36.091515,129.432051,,해양수산부 어초 수심:4.2m (해도:KR4G1N30),해양수산부 어초 수심:4.2m (해도:KR4G1N30),,Fish,gyeongsang_points.gpx
36.088352,129.43561,,해양수산부 어초 수심:15.7m (해도:KR4G1N30),해양수산부 어초 수심:15.7m (해도:KR4G1N30),,Fish,gyeongsang_points.gpx
36.101895,129.474158,,해양수산부 어초 수심:21.5m (해도:KR4G1N30),해양수산부 어초 수심:21.5m (해도:KR4G1N30),,Fish,gyeongsang_points.gpx
36.123886,129.435061,,해양수산부 어초 수심:3.8m (해도:KR4G1N30),해양수산부 어초 수심:3.8m (해도:KR4G1N30),,Fish,gyeongsang_points.gpx
36.106923,129.450683,,해양수산부 어초 수심:17.7m (해도:KR4G1N30),해양수산부 어초 수심:17.7m (해도:KR4G1N30),,Fish,gyeongsang_points.gpx
36.079872,129.428816,,해양수산부 어초 수심:13m (해도:KR4G1N30),해양수산부 어초 수심:13m (해도:KR4G1N30),,Fish,gyeongsang_points.gpx
36.110471,129.451083,,해양수산부 어초 수심:16.7m (해도:KR4G1N30),해양수산부 어초 수심:16.7m (해도:KR4G1N30),,Fish,gyeongsang_points.gpx
36.077408,129.430358,,해양수산부 어초 수심:11.4m (해도:KR4G1N30),해양수산부 어초 수심:11.4m (해도:KR4G1N30),,Fish,gyeongsang_points.gpx
36.133105,129.450362,,해양수산부 어초 수심:19.8m (해도:KR4G1N30),해양수산부 어초 수심:19.8m (해도:KR4G1N30),,Fish,gyeongsang_points.gpx
36.094546,129.462032,,해양수산부 어초 수심:21m (해도:KR4G1N30),해양수산부 어초 수심:21m (해도:KR4G1N30),,Fish,gyeongsang_points.gpx
36.112391,129.441607,,해양수산부 어초 수심:14.3m (해도:KR4G1N30),해양수산부 어초 수심:14.3m (해도:KR4G1N30),,Fish,gyeongsang_points.gpx
36.043837,129.391921,,해양수산부 어초 수심:8.1m (해도:KR4G1N30),해양수산부 어초 수심:8.1m (해도:KR4G1N30),,Fish,gyeongsang_points.gpx
36.137977,129.406535,,해양수산부 어초 수심:10.4m (해도:KR4G1N30),해양수산부 어초 수심:10.4m (해도:KR4G1N30),,Fish,gyeongsang_points.gpx
36.086081,129.569682,,해양수산부 어초 수심:19.4m (해도:KR4G1N40),해양수산부 어초 수심:19.4m (해도:KR4G1N40),,Fish,gyeongsang_points.gpx
36.008802,129.582032,,해양수산부 어초 수심:5.7m (해도:KR4G1N40),해양수산부 어초 수심:5.7m (해도:KR4G1N40),,Fish,gyeongsang_points.gpx
36.072885,129.583393,,해양수산부 어초 수심:23m (해도:KR4G1N40),해양수산부 어초 수심:23m (해도:KR4G1N40),,Fish,gyeongsang_points.gpx
36.026458,129.582666,,해양수산부 어초 수심:1.6m (해도:KR4G1N40),해양수산부 어초 수심:1.6m (해도:KR4G1N40),,Fish,gyeongsang_points.gpx
36.172607,129.435568,,해양수산부 어초 수심:27.5m (해도:KR4G1N30),해양수산부 어초 수심:27.5m (해도:KR4G1N30),,Fish,gyeongsang_points.gpx
36.160116,129.416922,,해양수산부 어초 수심:16.5m (해도:KR4G1N30),해양수산부 어초 수심:16.5m (해도:KR4G1N30),,Fish,gyeongsang_points.gpx
36.192834,129.383145,,해양수산부 어초 수심:9.3m (해도:KR4G1N30),해양수산부 어초 수심:9.3m (해도:KR4G1N30),,Fish,gyeongsang_points.gpx
35.788116,129.502276,,해양수산부 어초 수심:10.8m (해도:KR4G3B20),해양수산부 어초 수심:10.8m (해도:KR4G3B20),,Fish,gyeongsang_points.gpx
35.875922,129.52425,,해양수산부 어초 수심:11m (해도:KR4G3B20),해양수산부 어초 수심:11m (해도:KR4G3B20),,Fish,gyeongsang_points.gpx
35.817947,129.546767,,해양수산부 어초 수심:44m (해도:KR4G3B20),해양수산부 어초 수심:44m (해도:KR4G3B20),,Fish,gyeongsang_points.gpx
35.88682,129.551453,,해양수산부 어초 수심:43m (해도:KR4G3B20),해양수산부 어초 수심:43m (해도:KR4G3B20),,Fish,gyeongsang_points.gpx
35.970055,129.558641,,해양수산부 어초 수심:8.7m (해도:KR4G3B20),해양수산부 어초 수심:8.7m (해도:KR4G3B20),,Fish,gyeongsang_points.gpx
35.930037,129.527372,,해양수산부 어초 수심:8.4m (해도:KR4G3B20),해양수산부 어초 수심:8.4m (해도:KR4G3B20),,Fish,gyeongsang_points.gpx
35.802744,129.512049,,해양수산부 어초 수심:15.8m (해도:KR4G3B20),해양수산부 어초 수심:15.8m (해도:KR4G3B20),,Fish,gyeongsang_points.gpx
35.999231,129.591048,,해양수산부 어초 수심:36m (해도:KR4G3B20),해양수산부 어초 수심:36m (해도:KR4G3B20),,Fish,gyeongsang_points.gpx
35.718372,129.485836,,해양수산부 어초 수심:6.3m (해도:KR4G3B10),해양수산부 어초 수심:6.3m (해도:KR4G3B10),,Fish,gyeongsang_points.gpx
35.732705,129.490511,,해양수산부 어초 수심:11.4m (해도:KR4G3B10),해양수산부 어초 수심:11.4m (해도:KR4G3B10),,Fish,gyeongsang_points.gpx
35.636976,129.486528,,해양수산부 어초 수심:24.5m (해도:KR4G3B10),해양수산부 어초 수심:24.5m (해도:KR4G3B10),,Fish,gyeongsang_points.gpx
35.700398,129.480686,,해양수산부 어초 수심:14.7m (해도:KR4G3B10),해양수산부 어초 수심:14.7m (해도:KR4G3B10),,Fish,gyeongsang_points.gpx
35.733801,129.488307,,해양수산부 어초 수심:7.1m (해도:KR4G3B10),해양수산부 어초 수심:7.1m (해도:KR4G3B10),,Fish,gyeongsang_points.gpx
35.6235,129.46428,,해양수산부 어초 수심:17.4m (해도:KR4G3B10),해양수산부 어초 수심:17.4m (해도:KR4G3B10),,Fish,gyeongsang_points.gpx
35.644055,129.46772,,해양수산부 어초 수심:16m (해도:KR4G3B10),해양수산부 어초 수심:16m (해도:KR4G3B10),,Fish,gyeongsang_points.gpx
35.696333,129.484028,,해양수산부 어초 수심:15.4m (해도:KR4G3B10),해양수산부 어초 수심:15.4m (해도:KR4G3B10),,Fish,gyeongsang_points.gpx
35.488871,129.445092,,해양수산부 어초 수심:23m (해도:KR4G3B30),해양수산부 어초 수심:23m (해도:KR4G3B30),,Fish,gyeongsang_points.gpx
35.400322,129.363318,,해양수산부 어초 수심:19.3m (해도:KR4G3B30),해양수산부 어초 수심:19.3m (해도:KR4G3B30),,Fish,gyeongsang_points.gpx
35.465004,129.401783,,해양수산부 어초 수심:21.5m (해도:KR4G3B30),해양수산부 어초 수심:21.5m (해도:KR4G3B30),,Fish,gyeongsang_points.gpx
35.396633,129.372271,,해양수산부 어초 수심:18.4m (해도:KR4G3B30),해양수산부 어초 수심:18.4m (해도:KR4G3B30),,Fish,gyeongsang_points.gpx
35.499829,129.465078,,해양수산부 어초 수심:41m (해도:KR4G3B30),해양수산부 어초 수심:41m (해도:KR4G3B30),,Fish,gyeongsang_points.gpx
35.43886,129.388832,,해양수산부 어초 수심:24.5m (해도:KR4G3B30),해양수산부 어초 수심:24.5m (해도:KR4G3B30),,Fish,gyeongsang_points.gpx
35.474456,129.425912,,해양수산부 어초 수심:18.3m (해도:KR4G3B30),해양수산부 어초 수심:18.3m (해도:KR4G3B30),,Fish,gyeongsang_points.gpx
35.390901,129.368573,,해양수산부 어초 수심:25m (해도:KR4G3B30),해양수산부 어초 수심:25m (해도:KR4G3B30),,Fish,gyeongsang_points.gpx
35.446998,129.396428,,해양수산부 어초 수심:24m (해도:KR4G3B30),해양수산부 어초 수심:24m (해도:KR4G3B30),,Fish,gyeongsang_points.gpx
35.36642,129.377041,,해양수산부 어초 수심:24m (해도:KR4G3B30),해양수산부 어초 수심:24m (해도:KR4G3B30),,Fish,gyeongsang_points.gpx
35.413106,129.382438,,해양수산부 어초 수심:27m (해도:KR4G3B30),해양수산부 어초 수심:27m (해도:KR4G3B30),,Fish,gyeongsang_points.gpx
35.496957,129.459796,,해양수산부 어초 수심:49m (해도:KR4G3B30),해양수산부 어초 수심:49m (해도:KR4G3B30),,Fish,gyeongsang_points.gpx
35.485132,129.446609,,해양수산부 어초 수심:31m (해도:KR4G3B30),해양수산부 어초 수심:31m (해도:KR4G3B30),,Fish,gyeongsang_points.gpx
35.363778,129.383592,,해양수산부 어초 수심:34m (해도:KR4G3B30),해양수산부 어초 수심:34m (해도:KR4G3B30),,Fish,gyeongsang_points.gpx
35.462901,129.469123,,해양수산부 어초 수심:70m (해도:KR4G3B30),해양수산부 어초 수심:70m (해도:KR4G3B30),,Fish,gyeongsang_points.gpx
35.454543,129.393255,,해양수산부 어초 수심:22.9m (해도:KR4G3B30),해양수산부 어초 수심:22.9m (해도:KR4G3B30),,Fish,gyeongsang_points.gpx
35.369681,129.374401,,해양수산부 어초 수심:33m (해도:KR4G3B30),해양수산부 어초 수심:33m (해도:KR4G3B30),,Fish,gyeongsang_points.gpx
35.368065,129.358507,,해양수산부 어초 수심:5.9m (해도:KR4G3B30),해양수산부 어초 수심:5.9m (해도:KR4G3B30),,Fish,gyeongsang_points.gpx
35.476012,129.422207,,해양수산부 어초 수심:15.1m (해도:KR4G3B30),해양수산부 어초 수심:15.1m (해도:KR4G3B30),,Fish,gyeongsang_points.gpx
35.546861,129.461485,,해양수산부 어초 수심:11.4m (해도:KR4G3B10),해양수산부 어초 수심:11.4m (해도:KR4G3B10),,Fish,gyeongsang_points.gpx
35.541195,129.46069,,해양수산부 어초 수심:17m (해도:KR4G3B10),해양수산부 어초 수심:17m (해도:KR4G3B10),,Fish,gyeongsang_points.gpx
35.263118,129.243162,,해양수산부 어초 (해도:KR4G3B30),해양수산부 어초 (해도:KR4G3B30),,Fish,gyeongsang_points.gpx
35.213737,129.247715,,해양수산부 어초 수심:28m (해도:KR4G3B30),해양수산부 어초 수심:28m (해도:KR4G3B30),,Fish,gyeongsang_points.gpx
35.175236,129.224979,,해양수산부 어초 수심:26m (해도:KR4G3B30),해양수산부 어초 수심:26m (해도:KR4G3B30),,Fish,gyeongsang_points.gpx
35.125614,129.175023,,해양수산부 어초 수심:30m (해도:KR4G3B30),해양수산부 어초 수심:30m (해도:KR4G3B30),,Fish,gyeongsang_points.gpx
35.178419,129.228305,,해양수산부 어초 수심:26.5m (해도:KR4G3B30),해양수산부 어초 수심:26.5m (해도:KR4G3B30),,Fish,gyeongsang_points.gpx
35.183387,129.232378,,해양수산부 어초 수심:27.5m (해도:KR4G3B30),해양수산부 어초 수심:27.5m (해도:KR4G3B30),,Fish,gyeongsang_points.gpx
35.197171,129.239075,,해양수산부 어초 수심:30.5m (해도:KR4G3B30),해양수산부 어초 수심:30.5m (해도:KR4G3B30),,Fish,gyeongsang_points.gpx
35.211945,129.261382,,해양수산부 어초 수심:40m (해도:KR4G3B30),해양수산부 어초 수심:40m (해도:KR4G3B30),,Fish,gyeongsang_points.gpx
35.233284,129.31874,,해양수산부 어초 수심:64m (해도:KR4G3B30),해양수산부 어초 수심:64m (해도:KR4G3B30),,Fish,gyeongsang_points.gpx
35.28654,129.452136,,해양수산부 어초 수심:97m (해도:KR4G3B30),해양수산부 어초 수심:97m (해도:KR4G3B30),,Fish,gyeongsang_points.gpx
35.118019,129.172667,,해양수산부 어초 수심:36m (해도:KR4G3B30),해양수산부 어초 수심:36m (해도:KR4G3B30),,Fish,gyeongsang_points.gpx
35.153776,129.176086,,해양수산부 어초 수심:8.1m (해도:KR4G3B30),해양수산부 어초 수심:8.1m (해도:KR4G3B30),,Fish,gyeongsang_points.gpx
35.15748,129.190428,,해양수산부 어초 수심:4.7m (해도:KR4G3B30),해양수산부 어초 수심:4.7m (해도:KR4G3B30),,Fish,gyeongsang_points.gpx
35.359147,129.370657,,해양수산부 어초 수심:14.6m (해도:KR4G3B30),해양수산부 어초 수심:14.6m (해도:KR4G3B30),,Fish,gyeongsang_points.gpx
35.310743,129.263656,,해양수산부 어초 수심:3.4m (해도:KR4G3B30),해양수산부 어초 수심:3.4m (해도:KR4G3B30),,Fish,gyeongsang_points.gpx
35.347685,129.342909,,해양수산부 어초 수심:15.8m (해도:KR4G3B30),해양수산부 어초 수심:15.8m (해도:KR4G3B30),,Fish,gyeongsang_points.gpx
35.260903,129.248033,,해양수산부 어초 (해도:KR4G3B30),해양수산부 어초 (해도:KR4G3B30),,Fish,gyeongsang_points.gpx
35.353552,129.360287,,해양수산부 어초 (해도:KR4G3B30),해양수산부 어초 (해도:KR4G3B30),,Fish,gyeongsang_points.gpx
35.351776,129.350026,,해양수산부 어초 (해도:KR4G3B30),해양수산부 어초 (해도:KR4G3B30),,Fish,gyeongsang_points.gpx
35.324385,129.322583,,해양수산부 어초 수심:32m (해도:KR4G3B30),해양수산부 어초 수심:32m (해도:KR4G3B30),,Fish,gyeongsang_points.gpx
35.318473,129.314734,,해양수산부 어초 수심:35m (해도:KR4G3B30),해양수산부 어초 수심:35m (해도:KR4G3B30),,Fish,gyeongsang_points.gpx
35.556481,129.475466,,해양수산부 어초 수심:32m (해도:KR4G3B10),해양수산부 어초 수심:32m (해도:KR4G3B10),,Fish,gyeongsang_points.gpx
35.549294,129.474878,,해양수산부 어초 수심:34m (해도:KR4G3B10),해양수산부 어초 수심:34m (해도:KR4G3B10),,Fish,gyeongsang_points.gpx
35.55285,129.474875,,해양수산부 어초 수심:33m (해도:KR4G3B10),해양수산부 어초 수심:33m (해도:KR4G3B10),,Fish,gyeongsang_points.gpx
34.904341,127.697079,,해양수산부 어초 수심:8.5m (해도:KR4F4H20),해양수산부 어초 수심:8.5m (해도:KR4F4H20),,Fish,gyeongsang_points.gpx
34.874503,127.755406,,해양수산부 어초 수심:3.7m (해도:KR4F4H20),해양수산부 어초 수심:3.7m (해도:KR4F4H20),,Fish,gyeongsang_points.gpx
34.931511,127.818278,,해양수산부 어초 수심:9.7m (해도:KR4F4H20),해양수산부 어초 수심:9.7m (해도:KR4F4H20),,Fish,gyeongsang_points.gpx
34.853969,127.806015,,해양수산부 어초 수심:8.8m (해도:KR4F4H20),해양수산부 어초 수심:8.8m (해도:KR4F4H20),,Fish,gyeongsang_points.gpx
34.875357,127.81432,,해양수산부 어초 수심:3.1m (해도:KR4F4H20),해양수산부 어초 수심:3.1m (해도:KR4F4H20),,Fish,gyeongsang_points.gpx
34.872278,127.736084,,해양수산부 어초 수심:1.7m (해도:KR4F4H20),해양수산부 어초 수심:1.7m (해도:KR4F4H20),,Fish,gyeongsang_points.gpx
34.940637,127.844611,,해양수산부 어초 수심:12.4m (해도:KR4F4H20),해양수산부 어초 수심:12.4m (해도:KR4F4H20),,Fish,gyeongsang_points.gpx
34.894473,127.671692,,해양수산부 어초 수심:3.1m (해도:KR4F4H20),해양수산부 어초 수심:3.1m (해도:KR4F4H20),,Fish,gyeongsang_points.gpx
34.889828,127.68071,,해양수산부 어초 수심:5.8m (해도:KR4F4H20),해양수산부 어초 수심:5.8m (해도:KR4F4H20),,Fish,gyeongsang_points.gpx
34.864449,127.682836,,해양수산부 어초 수심:4.6m (해도:KR4F4H20),해양수산부 어초 수심:4.6m (해도:KR4F4H20),,Fish,gyeongsang_points.gpx
34.870651,127.635173,,해양수산부 어초 수심:0.4m (해도:KR4F4H20),해양수산부 어초 수심:0.4m (해도:KR4F4H20),,Fish,gyeongsang_points.gpx
34.867815,127.650006,,해양수산부 어초 수심:0.7m (해도:KR4F4H20),해양수산부 어초 수심:0.7m (해도:KR4F4H20),,Fish,gyeongsang_points.gpx
34.878819,127.677409,,해양수산부 어초 수심:3.3m (해도:KR4F4H20),해양수산부 어초 수심:3.3m (해도:KR4F4H20),,Fish,gyeongsang_points.gpx
34.879419,127.654835,,해양수산부 어초 수심:3m (해도:KR4F4H20),해양수산부 어초 수심:3m (해도:KR4F4H20),,Fish,gyeongsang_points.gpx
34.906804,127.603222,,해양수산부 어초 수심:5.7m (해도:KR4F4H20),해양수산부 어초 수심:5.7m (해도:KR4F4H20),,Fish,gyeongsang_points.gpx
34.882735,127.671071,,해양수산부 어초 수심:1.2m (해도:KR4F4H20),해양수산부 어초 수심:1.2m (해도:KR4F4H20),,Fish,gyeongsang_points.gpx
34.8739,127.666068,,해양수산부 어초 수심:1.9m (해도:KR4F4H20),해양수산부 어초 수심:1.9m (해도:KR4F4H20),,Fish,gyeongsang_points.gpx
34.7281,127.84373,,해양수산부 어초 수심:24m (해도:KR4F4H20),해양수산부 어초 수심:24m (해도:KR4F4H20),,Fish,gyeongsang_points.gpx
34.700244,127.782668,,해양수산부 어초 수심:2m (해도:KR4F4H20),해양수산부 어초 수심:2m (해도:KR4F4H20),,Fish,gyeongsang_points.gpx
34.701712,127.792697,,해양수산부 어초 수심:13m (해도:KR4F4H20),해양수산부 어초 수심:13m (해도:KR4F4H20),,Fish,gyeongsang_points.gpx
34.598405,127.807901,,해양수산부 어초 수심:13.4m (해도:KR4F4H20),해양수산부 어초 수심:13.4m (해도:KR4F4H20),,Fish,gyeongsang_points.gpx
34.687429,127.787459,,해양수산부 어초 수심:5.3m (해도:KR4F4H20),해양수산부 어초 수심:5.3m (해도:KR4F4H20),,Fish,gyeongsang_points.gpx
34.642347,127.799347,,해양수산부 어초 수심:12.4m (해도:KR4F4H20),해양수산부 어초 수심:12.4m (해도:KR4F4H20),,Fish,gyeongsang_points.gpx
34.644274,127.818674,,해양수산부 어초 수심:13.3m (해도:KR4F4H20),해양수산부 어초 수심:13.3m (해도:KR4F4H20),,Fish,gyeongsang_points.gpx
34.601822,127.805751,,해양수산부 어초 수심:14m (해도:KR4F4H20),해양수산부 어초 수심:14m (해도:KR4F4H20),,Fish,gyeongsang_points.gpx
34.671716,127.788815,,해양수산부 어초 수심:4.9m (해도:KR4F4H20),해양수산부 어초 수심:4.9m (해도:KR4F4H20),,Fish,gyeongsang_points.gpx
34.702377,127.772487,,해양수산부 어초 수심:0.8m (해도:KR4F4H20),해양수산부 어초 수심:0.8m (해도:KR4F4H20),,Fish,gyeongsang_points.gpx
34.752212,127.767501,,해양수산부 어초 수심:5.1m (해도:KR4F4H20),해양수산부 어초 수심:5.1m (해도:KR4F4H20),,Fish,gyeongsang_points.gpx
34.709328,127.746362,,해양수산부 어초 수심:4.6m (해도:KR4F4H20),해양수산부 어초 수심:4.6m (해도:KR4F4H20),,Fish,gyeongsang_points.gpx
34.713051,127.740973,,해양수산부 어초 수심:5.1m (해도:KR4F4H20),해양수산부 어초 수심:5.1m (해도:KR4F4H20),,Fish,gyeongsang_points.gpx
34.720028,127.731145,,해양수산부 어초 수심:6.7m (해도:KR4F4H20),해양수산부 어초 수심:6.7m (해도:KR4F4H20),,Fish,gyeongsang_points.gpx
34.762481,127.944974,,해양수산부 어초 수심:4.8m (해도:KR4F4H20),해양수산부 어초 수심:4.8m (해도:KR4F4H20),,Fish,gyeongsang_points.gpx
34.716622,127.928165,,해양수산부 어초 수심:18.9m (해도:KR4F4H20),해양수산부 어초 수심:18.9m (해도:KR4F4H20),,Fish,gyeongsang_points.gpx
34.771792,127.940612,,해양수산부 어초 수심:4.8m (해도:KR4F4H20),해양수산부 어초 수심:4.8m (해도:KR4F4H20),,Fish,gyeongsang_points.gpx
34.584624,127.79966,,해양수산부 어초 수심:11.8m (해도:KR4F4H20),해양수산부 어초 수심:11.8m (해도:KR4F4H20),,Fish,gyeongsang_points.gpx
34.590082,127.80844,,해양수산부 어초 수심:15.9m (해도:KR4F4H20),해양수산부 어초 수심:15.9m (해도:KR4F4H20),,Fish,gyeongsang_points.gpx
34.914879,127.997337,,해양수산부 어초 수심:5.6m (해도:KR4F4H20),해양수산부 어초 수심:5.6m (해도:KR4F4H20),,Fish,gyeongsang_points.gpx
34.525968,127.712147,,해양수산부 어초 수심:15.5m (해도:KR4F4H20),해양수산부 어초 수심:15.5m (해도:KR4F4H20),,Fish,gyeongsang_points.gpx
34.724649,127.945564,,해양수산부 어초 수심:15.8m (해도:KR4F4H20),해양수산부 어초 수심:15.8m (해도:KR4F4H20),,Fish,gyeongsang_points.gpx
34.552556,127.736639,,해양수산부 어초 수심:1.9m (해도:KR4F4H20),해양수산부 어초 수심:1.9m (해도:KR4F4H20),,Fish,gyeongsang_points.gpx
34.722871,127.950983,,해양수산부 어초 수심:13m (해도:KR4F4H20),해양수산부 어초 수심:13m (해도:KR4F4H20),,Fish,gyeongsang_points.gpx
34.58667,127.807408,,해양수산부 어초 수심:17.9m (해도:KR4F4H20),해양수산부 어초 수심:17.9m (해도:KR4F4H20),,Fish,gyeongsang_points.gpx
34.541293,127.771791,,해양수산부 어초 수심:13.6m (해도:KR4F4H20),해양수산부 어초 수심:13.6m (해도:KR4F4H20),,Fish,gyeongsang_points.gpx
34.538936,127.777551,,해양수산부 어초 수심:13.8m (해도:KR4F4H20),해양수산부 어초 수심:13.8m (해도:KR4F4H20),,Fish,gyeongsang_points.gpx
34.762991,127.931041,,해양수산부 어초 수심:5.3m (해도:KR4F4H20),해양수산부 어초 수심:5.3m (해도:KR4F4H20),,Fish,gyeongsang_points.gpx
34.589399,127.765216,,해양수산부 어초 수심:4.6m (해도:KR4F4H20),해양수산부 어초 수심:4.6m (해도:KR4F4H20),,Fish,gyeongsang_points.gpx
34.763054,127.921291,,해양수산부 어초 수심:6.5m (해도:KR4F4H20),해양수산부 어초 수심:6.5m (해도:KR4F4H20),,Fish,gyeongsang_points.gpx
34.568877,127.753268,,해양수산부 어초 수심:17.3m (해도:KR4F4H20),해양수산부 어초 수심:17.3m (해도:KR4F4H20),,Fish,gyeongsang_points.gpx
34.719975,127.891019,,해양수산부 어초 수심:16.3m (해도:KR4F4H20),해양수산부 어초 수심:16.3m (해도:KR4F4H20),,Fish,gyeongsang_points.gpx
34.750917,127.94475,,해양수산부 어초 수심:3.3m (해도:KR4F4H20),해양수산부 어초 수심:3.3m (해도:KR4F4H20),,Fish,gyeongsang_points.gpx
34.733006,127.648927,,해양수산부 어초 수심:0.3m (해도:KR4F4H20),해양수산부 어초 수심:0.3m (해도:KR4F4H20),,Fish,gyeongsang_points.gpx
34.604419,127.656279,,해양수산부 어초 수심:2.9m (해도:KR4F4H20),해양수산부 어초 수심:2.9m (해도:KR4F4H20),,Fish,gyeongsang_points.gpx
34.591144,127.565263,,해양수산부 어초 수심:6.4m (해도:KR4F4H20),해양수산부 어초 수심:6.4m (해도:KR4F4H20),,Fish,gyeongsang_points.gpx
34.587717,127.535523,,해양수산부 어초 수심:18.2m (해도:KR4F4H20),해양수산부 어초 수심:18.2m (해도:KR4F4H20),,Fish,gyeongsang_points.gpx
34.594664,127.540475,,해양수산부 어초 수심:7.7m (해도:KR4F4H20),해양수산부 어초 수심:7.7m (해도:KR4F4H20),,Fish,gyeongsang_points.gpx
34.636094,127.532622,,해양수산부 어초 수심:23.5m (해도:KR4F4H20),해양수산부 어초 수심:23.5m (해도:KR4F4H20),,Fish,gyeongsang_points.gpx
34.641651,127.511724,,해양수산부 어초 수심:3.3m (해도:KR4F4H20),해양수산부 어초 수심:3.3m (해도:KR4F4H20),,Fish,gyeongsang_points.gpx
34.639278,127.510694,,해양수산부 어초 수심:4.6m (해도:KR4F4H20),해양수산부 어초 수심:4.6m (해도:KR4F4H20),,Fish,gyeongsang_points.gpx
34.637417,127.504806,,해양수산부 어초 수심:19.2m (해도:KR4F4H20),해양수산부 어초 수심:19.2m (해도:KR4F4H20),,Fish,gyeongsang_points.gpx
34.752182,127.908446,,해양수산부 어초 수심:3.7m (해도:KR4F4H20),해양수산부 어초 수심:3.7m (해도:KR4F4H20),,Fish,gyeongsang_points.gpx
34.564694,127.719722,,해양수산부 어초 수심:10.2m (해도:KR4F4H20),해양수산부 어초 수심:10.2m (해도:KR4F4H20),,Fish,gyeongsang_points.gpx
34.753333,127.52468,,해양수산부 어초 수심:5.3m (해도:KR4F4H20),해양수산부 어초 수심:5.3m (해도:KR4F4H20),,Fish,gyeongsang_points.gpx
34.75753,127.504123,,해양수산부 어초 수심:0.1m (해도:KR4F4H20),해양수산부 어초 수심:0.1m (해도:KR4F4H20),,Fish,gyeongsang_points.gpx
34.754322,127.506537,,해양수산부 어초 수심:1.2m (해도:KR4F4H20),해양수산부 어초 수심:1.2m (해도:KR4F4H20),,Fish,gyeongsang_points.gpx
34.954642,127.90672,,해양수산부 어초 수심:18.2m (해도:KR4F4H20),해양수산부 어초 수심:18.2m (해도:KR4F4H20),,Fish,gyeongsang_points.gpx
34.60727,127.587963,,해양수산부 어초 수심:12.8m (해도:KR4F4H20),해양수산부 어초 수심:12.8m (해도:KR4F4H20),,Fish,gyeongsang_points.gpx
34.595561,127.545683,,해양수산부 어초 수심:3.8m (해도:KR4F4H20),해양수산부 어초 수심:3.8m (해도:KR4F4H20),,Fish,gyeongsang_points.gpx
34.609933,127.589743,,해양수산부 어초 수심:9.9m (해도:KR4F4H20),해양수산부 어초 수심:9.9m (해도:KR4F4H20),,Fish,gyeongsang_points.gpx
34.577514,127.502972,,해양수산부 어초 수심:7.7m (해도:KR4F4H20),해양수산부 어초 수심:7.7m (해도:KR4F4H20),,Fish,gyeongsang_points.gpx
34.563889,127.641583,,해양수산부 어초 수심:-1.1m (해도:KR4F4H20),해양수산부 어초 수심:-1.1m (해도:KR4F4H20),,Fish,gyeongsang_points.gpx
34.944116,127.925481,,해양수산부 어초 수심:15.5m (해도:KR4F4H20),해양수산부 어초 수심:15.5m (해도:KR4F4H20),,Fish,gyeongsang_points.gpx
34.55661,127.755273,,해양수산부 어초 수심:36m (해도:KR4F4H20),해양수산부 어초 수심:36m (해도:KR4F4H20),,Fish,gyeongsang_points.gpx
34.703523,127.967307,,해양수산부 어초 수심:25.5m (해도:KR4F4H20),해양수산부 어초 수심:25.5m (해도:KR4F4H20),,Fish,gyeongsang_points.gpx
34.945203,128.012582,,해양수산부 어초 수심:18.4m (해도:KR4G3E10),해양수산부 어초 수심:18.4m (해도:KR4G3E10),,Fish,gyeongsang_points.gpx
35.059175,128.622042,,해양수산부 어초 수심:10.1m (해도:KR4G3A40),해양수산부 어초 수심:10.1m (해도:KR4G3A40),,Fish,gyeongsang_points.gpx
34.98808,128.590654,,해양수산부 어초 수심:19.7m (해도:KR4G3E20),해양수산부 어초 수심:19.7m (해도:KR4G3E20),,Fish,gyeongsang_points.gpx
34.994437,128.605375,,해양수산부 어초 수심:16.7m (해도:KR4G3E20),해양수산부 어초 수심:16.7m (해도:KR4G3E20),,Fish,gyeongsang_points.gpx
34.988339,128.604086,,해양수산부 어초 수심:8.8m (해도:KR4G3E20),해양수산부 어초 수심:8.8m (해도:KR4G3E20),,Fish,gyeongsang_points.gpx
35.066188,128.710124,,해양수산부 어초 수심:0.1m (해도:KR4G3A40),해양수산부 어초 수심:0.1m (해도:KR4G3A40),,Fish,gyeongsang_points.gpx
35.058755,128.672822,,해양수산부 어초 수심:1.9m (해도:KR4G3A40),해양수산부 어초 수심:1.9m (해도:KR4G3A40),,Fish,gyeongsang_points.gpx
35.141076,128.686433,,해양수산부 어초 수심:3.8m (해도:KR4G3A40),해양수산부 어초 수심:3.8m (해도:KR4G3A40),,Fish,gyeongsang_points.gpx
35.022162,128.730251,,해양수산부 어초 수심:14.2m (해도:KR4G3A40),해양수산부 어초 수심:14.2m (해도:KR4G3A40),,Fish,gyeongsang_points.gpx
35.099352,128.639489,,해양수산부 어초 수심:8.8m (해도:KR4G3A40),해양수산부 어초 수심:8.8m (해도:KR4G3A40),,Fish,gyeongsang_points.gpx
35.154974,128.606595,,해양수산부 어초 수심:7.5m (해도:KR4G3A40),해양수산부 어초 수심:7.5m (해도:KR4G3A40),,Fish,gyeongsang_points.gpx
34.809124,128.704877,,해양수산부 어초 수심:7.2m (해도:KR4G3E20),해양수산부 어초 수심:7.2m (해도:KR4G3E20),,Fish,gyeongsang_points.gpx
34.721448,128.655185,,해양수산부 어초 수심:25.3m (해도:KR4G3E20),해양수산부 어초 수심:25.3m (해도:KR4G3E20),,Fish,gyeongsang_points.gpx
34.754259,128.704182,,해양수산부 어초 수심:30m (해도:KR4G3E20),해양수산부 어초 수심:30m (해도:KR4G3E20),,Fish,gyeongsang_points.gpx
34.733695,128.661174,,해양수산부 어초 수심:27m (해도:KR4G3E20),해양수산부 어초 수심:27m (해도:KR4G3E20),,Fish,gyeongsang_points.gpx
34.810364,128.678807,,해양수산부 어초 수심:3.8m (해도:KR4G3E20),해양수산부 어초 수심:3.8m (해도:KR4G3E20),,Fish,gyeongsang_points.gpx
34.79211,128.71727,,해양수산부 어초 수심:6.7m (해도:KR4G3E20),해양수산부 어초 수심:6.7m (해도:KR4G3E20),,Fish,gyeongsang_points.gpx
34.766734,128.659454,,해양수산부 어초 수심:20m (해도:KR4G3E20),해양수산부 어초 수심:20m (해도:KR4G3E20),,Fish,gyeongsang_points.gpx
34.75771,128.720361,,해양수산부 어초 수심:51m (해도:KR4G3E20),해양수산부 어초 수심:51m (해도:KR4G3E20),,Fish,gyeongsang_points.gpx
34.798295,128.742291,,해양수산부 어초 수심:38m (해도:KR4G3E20),해양수산부 어초 수심:38m (해도:KR4G3E20),,Fish,gyeongsang_points.gpx
34.846821,128.750661,,해양수산부 어초 수심:23.5m (해도:KR4G3E20),해양수산부 어초 수심:23.5m (해도:KR4G3E20),,Fish,gyeongsang_points.gpx
34.792948,128.688267,,해양수산부 어초 수심:17.8m (해도:KR4G3E20),해양수산부 어초 수심:17.8m (해도:KR4G3E20),,Fish,gyeongsang_points.gpx
34.795794,128.740657,,해양수산부 어초 수심:26m (해도:KR4G3E20),해양수산부 어초 수심:26m (해도:KR4G3E20),,Fish,gyeongsang_points.gpx
34.84015,128.705686,,해양수산부 어초 수심:7.7m (해도:KR4G3E20),해양수산부 어초 수심:7.7m (해도:KR4G3E20),,Fish,gyeongsang_points.gpx
34.796633,128.685354,,해양수산부 어초 수심:12.6m (해도:KR4G3E20),해양수산부 어초 수심:12.6m (해도:KR4G3E20),,Fish,gyeongsang_points.gpx
34.76277,128.72196,,해양수산부 어초 수심:46m (해도:KR4G3E20),해양수산부 어초 수심:46m (해도:KR4G3E20),,Fish,gyeongsang_points.gpx
34.775031,128.665775,,해양수산부 어초 수심:19.5m (해도:KR4G3E20),해양수산부 어초 수심:19.5m (해도:KR4G3E20),,Fish,gyeongsang_points.gpx
34.847158,128.737826,,해양수산부 어초 수심:14.4m (해도:KR4G3E20),해양수산부 어초 수심:14.4m (해도:KR4G3E20),,Fish,gyeongsang_points.gpx
34.795146,128.671643,,해양수산부 어초 수심:11.2m (해도:KR4G3E20),해양수산부 어초 수심:11.2m (해도:KR4G3E20),,Fish,gyeongsang_points.gpx
34.7344,128.678411,,해양수산부 어초 수심:12.1m (해도:KR4G3E20),해양수산부 어초 수심:12.1m (해도:KR4G3E20),,Fish,gyeongsang_points.gpx
34.713047,128.670618,,해양수산부 어초 수심:52m (해도:KR4G3E20),해양수산부 어초 수심:52m (해도:KR4G3E20),,Fish,gyeongsang_points.gpx
34.712176,128.70913,,해양수산부 어초 수심:52m (해도:KR4G3E20),해양수산부 어초 수심:52m (해도:KR4G3E20),,Fish,gyeongsang_points.gpx
34.95997,128.729756,,해양수산부 어초 수심:14.2m (해도:KR4G3E20),해양수산부 어초 수심:14.2m (해도:KR4G3E20),,Fish,gyeongsang_points.gpx
34.940399,128.73978,,해양수산부 어초 수심:16.7m (해도:KR4G3E20),해양수산부 어초 수심:16.7m (해도:KR4G3E20),,Fish,gyeongsang_points.gpx
34.968758,128.737967,,해양수산부 어초 수심:13.6m (해도:KR4G3E20),해양수산부 어초 수심:13.6m (해도:KR4G3E20),,Fish,gyeongsang_points.gpx
34.968275,128.713448,,해양수산부 어초 수심:8.4m (해도:KR4G3E20),해양수산부 어초 수심:8.4m (해도:KR4G3E20),,Fish,gyeongsang_points.gpx
34.948658,128.73303,,해양수산부 어초 수심:15.9m (해도:KR4G3E20),해양수산부 어초 수심:15.9m (해도:KR4G3E20),,Fish,gyeongsang_points.gpx
34.970081,128.744141,,해양수산부 어초 수심:18.6m (해도:KR4G3E20),해양수산부 어초 수심:18.6m (해도:KR4G3E20),,Fish,gyeongsang_points.gpx
34.902353,128.747939,,해양수산부 어초 수심:21.5m (해도:KR4G3E20),해양수산부 어초 수심:21.5m (해도:KR4G3E20),,Fish,gyeongsang_points.gpx
34.981534,128.750323,,해양수산부 어초 수심:10.7m (해도:KR4G3E20),해양수산부 어초 수심:10.7m (해도:KR4G3E20),,Fish,gyeongsang_points.gpx
34.878179,128.744583,,해양수산부 어초 수심:9.9m (해도:KR4G3E20),해양수산부 어초 수심:9.9m (해도:KR4G3E20),,Fish,gyeongsang_points.gpx
35.148013,128.59652,,해양수산부 어초 수심:11.6m (해도:KR4G3A40),해양수산부 어초 수심:11.6m (해도:KR4G3A40),,Fish,gyeongsang_points.gpx
35.20351,128.588719,,해양수산부 어초 수심:9.8m (해도:KR4G3A40),해양수산부 어초 수심:9.8m (해도:KR4G3A40),,Fish,gyeongsang_points.gpx
35.079304,128.998958,,해양수산부 어초 수심:11.7m (해도:KR4G3A40),해양수산부 어초 수심:11.7m (해도:KR4G3A40),,Fish,gyeongsang_points.gpx
35.057654,128.988222,,해양수산부 어초 수심:4.3m (해도:KR4G3A40),해양수산부 어초 수심:4.3m (해도:KR4G3A40),,Fish,gyeongsang_points.gpx
35.04198,128.984693,,해양수산부 어초 수심:8.5m (해도:KR4G3A40),해양수산부 어초 수심:8.5m (해도:KR4G3A40),,Fish,gyeongsang_points.gpx
35.082622,128.995475,,해양수산부 어초 수심:8.4m (해도:KR4G3A40),해양수산부 어초 수심:8.4m (해도:KR4G3A40),,Fish,gyeongsang_points.gpx
34.98708,128.972445,,해양수산부 어초 수심:38m (해도:KR4G3E20),해양수산부 어초 수심:38m (해도:KR4G3E20),,Fish,gyeongsang_points.gpx
35.0978,129.13069,,해양수산부 어초 수심:21.3m (해도:KR4G3B30),해양수산부 어초 수심:21.3m (해도:KR4G3B30),,Fish,gyeongsang_points.gpx
35.067268,129.031412,,해양수산부 어초 수심:15.5m (해도:KR4G3B30),해양수산부 어초 수심:15.5m (해도:KR4G3B30),,Fish,gyeongsang_points.gpx
35.073776,129.040939,,해양수산부 어초 수심:14.2m (해도:KR4G3B30),해양수산부 어초 수심:14.2m (해도:KR4G3B30),,Fish,gyeongsang_points.gpx
35.064997,129.025117,,해양수산부 어초 수심:15.3m (해도:KR4G3B30),해양수산부 어초 수심:15.3m (해도:KR4G3B30),,Fish,gyeongsang_points.gpx
35.094553,129.132144,,해양수산부 어초 수심:29.9m (해도:KR4G3B30),해양수산부 어초 수심:29.9m (해도:KR4G3B30),,Fish,gyeongsang_points.gpx
35.070883,129.045674,,해양수산부 어초 수심:14.4m (해도:KR4G3B30),해양수산부 어초 수심:14.4m (해도:KR4G3B30),,Fish,gyeongsang_points.gpx
35.031398,129.023097,,해양수산부 어초 수심:28m (해도:KR4G3B30),해양수산부 어초 수심:28m (해도:KR4G3B30),,Fish,gyeongsang_points.gpx
35.070073,129.091243,,해양수산부 어초 수심:16.2m (해도:KR4G3B30),해양수산부 어초 수심:16.2m (해도:KR4G3B30),,Fish,gyeongsang_points.gpx
35.064006,129.093916,,해양수산부 어초 수심:19m (해도:KR4G3B30),해양수산부 어초 수심:19m (해도:KR4G3B30),,Fish,gyeongsang_points.gpx
35.097972,129.142889,,해양수산부 어초 수심:33m (해도:KR4G3B30),해양수산부 어초 수심:33m (해도:KR4G3B30),,Fish,gyeongsang_points.gpx
35.063592,129.091734,,해양수산부 어초 수심:9m (해도:KR4G3B30),해양수산부 어초 수심:9m (해도:KR4G3B30),,Fish,gyeongsang_points.gpx
35.062286,129.04364,,해양수산부 어초 수심:16.2m (해도:KR4G3B30),해양수산부 어초 수심:16.2m (해도:KR4G3B30),,Fish,gyeongsang_points.gpx
35.083161,129.004297,,해양수산부 어초 수심:2.7m (해도:KR4G3B30),해양수산부 어초 수심:2.7m (해도:KR4G3B30),,Fish,gyeongsang_points.gpx
34.952411,129.022679,,해양수산부 어초 수심:60.3m (해도:KR4G3F10),해양수산부 어초 수심:60.3m (해도:KR4G3F10),,Fish,gyeongsang_points.gpx
34.720029,128.631195,,해양수산부 어초 수심:1.7m (해도:KR4G3E20),해양수산부 어초 수심:1.7m (해도:KR4G3E20),,Fish,gyeongsang_points.gpx
34.711388,128.626621,,해양수산부 어초 수심:14.8m (해도:KR4G3E20),해양수산부 어초 수심:14.8m (해도:KR4G3E20),,Fish,gyeongsang_points.gpx
34.720495,128.651615,,해양수산부 어초 수심:24m (해도:KR4G3E20),해양수산부 어초 수심:24m (해도:KR4G3E20),,Fish,gyeongsang_points.gpx
34.776724,128.647386,,해양수산부 어초 수심:2.3m (해도:KR4G3E20),해양수산부 어초 수심:2.3m (해도:KR4G3E20),,Fish,gyeongsang_points.gpx
34.770674,128.643552,,해양수산부 어초 수심:9.5m (해도:KR4G3E20),해양수산부 어초 수심:9.5m (해도:KR4G3E20),,Fish,gyeongsang_points.gpx
34.765818,128.643246,,해양수산부 어초 수심:13.5m (해도:KR4G3E20),해양수산부 어초 수심:13.5m (해도:KR4G3E20),,Fish,gyeongsang_points.gpx
35.006725,128.844556,,해양수산부 어초 수심:16.3m (해도:KR4G3A40),해양수산부 어초 수심:16.3m (해도:KR4G3A40),,Fish,gyeongsang_points.gpx
35.023842,128.963981,,해양수산부 어초 수심:10.8m (해도:KR4G3A40),해양수산부 어초 수심:10.8m (해도:KR4G3A40),,Fish,gyeongsang_points.gpx
35.042548,128.887789,,해양수산부 어초 수심:5.2m (해도:KR4G3A40),해양수산부 어초 수심:5.2m (해도:KR4G3A40),,Fish,gyeongsang_points.gpx
35.039375,128.867222,,해양수산부 어초 수심:6.3m (해도:KR4G3A40),해양수산부 어초 수심:6.3m (해도:KR4G3A40),,Fish,gyeongsang_points.gpx
34.949576,128.951791,,해양수산부 어초 수심:42m (해도:KR4G3E20),해양수산부 어초 수심:42m (해도:KR4G3E20),,Fish,gyeongsang_points.gpx
34.733428,128.59883,,해양수산부 어초 수심:6.2m (해도:KR4G3E20),해양수산부 어초 수심:6.2m (해도:KR4G3E20),,Fish,gyeongsang_points.gpx
34.688963,128.64944,,해양수산부 어초 수심:44m (해도:KR4G3E20),해양수산부 어초 수심:44m (해도:KR4G3E20),,Fish,gyeongsang_points.gpx
34.694965,128.583144,,해양수산부 어초 수심:64m (해도:KR4G3E20),해양수산부 어초 수심:64m (해도:KR4G3E20),,Fish,gyeongsang_points.gpx
34.752665,128.650604,,해양수산부 어초 수심:19.9m (해도:KR4G3E20),해양수산부 어초 수심:19.9m (해도:KR4G3E20),,Fish,gyeongsang_points.gpx
34.766363,128.589963,,해양수산부 어초 수심:4.2m (해도:KR4G3E20),해양수산부 어초 수심:4.2m (해도:KR4G3E20),,Fish,gyeongsang_points.gpx
34.892019,128.967391,,해양수산부 어초 수심:62m (해도:KR4G3E20),해양수산부 어초 수심:62m (해도:KR4G3E20),,Fish,gyeongsang_points.gpx
34.889865,128.966053,,해양수산부 어초 수심:63m (해도:KR4G3E20),해양수산부 어초 수심:63m (해도:KR4G3E20),,Fish,gyeongsang_points.gpx
34.762127,128.646914,,해양수산부 어초 수심:16.3m (해도:KR4G3E20),해양수산부 어초 수심:16.3m (해도:KR4G3E20),,Fish,gyeongsang_points.gpx
34.99201,128.958085,,해양수산부 어초 수심:34m (해도:KR4G3E20),해양수산부 어초 수심:34m (해도:KR4G3E20),,Fish,gyeongsang_points.gpx
34.983475,128.967365,,해양수산부 어초 수심:35m (해도:KR4G3E20),해양수산부 어초 수심:35m (해도:KR4G3E20),,Fish,gyeongsang_points.gpx
34.95539,128.933435,,해양수산부 어초 수심:38m (해도:KR4G3E20),해양수산부 어초 수심:38m (해도:KR4G3E20),,Fish,gyeongsang_points.gpx
34.761779,128.643671,,해양수산부 어초 수심:11.2m (해도:KR4G3E20),해양수산부 어초 수심:11.2m (해도:KR4G3E20),,Fish,gyeongsang_points.gpx
34.91738,129.035646,,해양수산부 어초 수심:73m (해도:KR4G3F10),해양수산부 어초 수심:73m (해도:KR4G3F10),,Fish,gyeongsang_points.gpx
34.923391,128.052544,,해양수산부 어초 수심:9.9m (해도:KR4G3E10),해양수산부 어초 수심:9.9m (해도:KR4G3E10),,Fish,gyeongsang_points.gpx
34.828677,128.045348,,해양수산부 어초 수심:3.9m (해도:KR4G3E10),해양수산부 어초 수심:3.9m (해도:KR4G3E10),,Fish,gyeongsang_points.gpx
34.836008,128.12514,,해양수산부 어초 수심:7.7m (해도:KR4G3E10),해양수산부 어초 수심:7.7m (해도:KR4G3E10),,Fish,gyeongsang_points.gpx
34.898956,128.203827,,해양수산부 어초 수심:3.2m (해도:KR4G3E10),해양수산부 어초 수심:3.2m (해도:KR4G3E10),,Fish,gyeongsang_points.gpx
34.79612,128.05403,,해양수산부 어초 수심:7.4m (해도:KR4G3E10),해양수산부 어초 수심:7.4m (해도:KR4G3E10),,Fish,gyeongsang_points.gpx
34.837242,128.160516,,해양수산부 어초 수심:16.7m (해도:KR4G3E10),해양수산부 어초 수심:16.7m (해도:KR4G3E10),,Fish,gyeongsang_points.gpx
34.788611,128.139841,,해양수산부 어초 수심:22.5m (해도:KR4G3E10),해양수산부 어초 수심:22.5m (해도:KR4G3E10),,Fish,gyeongsang_points.gpx
34.934171,128.037937,,해양수산부 어초 수심:17.4m (해도:KR4G3E10),해양수산부 어초 수심:17.4m (해도:KR4G3E10),,Fish,gyeongsang_points.gpx
34.899103,128.103242,,해양수산부 어초 수심:10.8m (해도:KR4G3E10),해양수산부 어초 수심:10.8m (해도:KR4G3E10),,Fish,gyeongsang_points.gpx
34.839005,128.204329,,해양수산부 어초 수심:4.1m (해도:KR4G3E10),해양수산부 어초 수심:4.1m (해도:KR4G3E10),,Fish,gyeongsang_points.gpx
34.908659,128.065638,,해양수산부 어초 수심:8.8m (해도:KR4G3E10),해양수산부 어초 수심:8.8m (해도:KR4G3E10),,Fish,gyeongsang_points.gpx
34.894943,128.122031,,해양수산부 어초 수심:10.1m (해도:KR4G3E10),해양수산부 어초 수심:10.1m (해도:KR4G3E10),,Fish,gyeongsang_points.gpx
35.055234,128.546306,,해양수산부 어초 수심:11.5m (해도:KR4G3A40),해양수산부 어초 수심:11.5m (해도:KR4G3A40),,Fish,gyeongsang_points.gpx
34.947747,128.511726,,해양수산부 어초 수심:11.7m (해도:KR4G3E20),해양수산부 어초 수심:11.7m (해도:KR4G3E20),,Fish,gyeongsang_points.gpx
34.991581,128.509919,,해양수산부 어초 수심:21.5m (해도:KR4G3E20),해양수산부 어초 수심:21.5m (해도:KR4G3E20),,Fish,gyeongsang_points.gpx
34.913171,128.552423,,해양수산부 어초 수심:11m (해도:KR4G3E20),해양수산부 어초 수심:11m (해도:KR4G3E20),,Fish,gyeongsang_points.gpx
34.977761,128.528277,,해양수산부 어초 수심:16.9m (해도:KR4G3E20),해양수산부 어초 수심:16.9m (해도:KR4G3E20),,Fish,gyeongsang_points.gpx
34.895879,128.487475,,해양수산부 어초 수심:5.2m (해도:KR4G3E10),해양수산부 어초 수심:5.2m (해도:KR4G3E10),,Fish,gyeongsang_points.gpx
34.892996,128.474596,,해양수산부 어초 수심:4.3m (해도:KR4G3E10),해양수산부 어초 수심:4.3m (해도:KR4G3E10),,Fish,gyeongsang_points.gpx
34.899209,128.478367,,해양수산부 어초 수심:6.6m (해도:KR4G3E10),해양수산부 어초 수심:6.6m (해도:KR4G3E10),,Fish,gyeongsang_points.gpx
34.811275,128.46268,,해양수산부 어초 수심:13.9m (해도:KR4G3E10),해양수산부 어초 수심:13.9m (해도:KR4G3E10),,Fish,gyeongsang_points.gpx
34.739649,128.424837,,해양수산부 어초 수심:23m (해도:KR4G3E10),해양수산부 어초 수심:23m (해도:KR4G3E10),,Fish,gyeongsang_points.gpx
34.786508,128.386945,,해양수산부 어초 수심:6.7m (해도:KR4G3E10),해양수산부 어초 수심:6.7m (해도:KR4G3E10),,Fish,gyeongsang_points.gpx
34.788739,128.375875,,해양수산부 어초 수심:3m (해도:KR4G3E10),해양수산부 어초 수심:3m (해도:KR4G3E10),,Fish,gyeongsang_points.gpx
34.914862,128.447222,,해양수산부 어초 수심:6m (해도:KR4G3E10),해양수산부 어초 수심:6m (해도:KR4G3E10),,Fish,gyeongsang_points.gpx
34.810899,128.342153,,해양수산부 어초 수심:10.5m (해도:KR4G3E10),해양수산부 어초 수심:10.5m (해도:KR4G3E10),,Fish,gyeongsang_points.gpx
34.898607,128.426569,,해양수산부 어초 수심:6.6m (해도:KR4G3E10),해양수산부 어초 수심:6.6m (해도:KR4G3E10),,Fish,gyeongsang_points.gpx
34.91439,128.442567,,해양수산부 어초 수심:5.9m (해도:KR4G3E10),해양수산부 어초 수심:5.9m (해도:KR4G3E10),,Fish,gyeongsang_points.gpx
34.767758,128.456134,,해양수산부 어초 수심:16.7m (해도:KR4G3E10),해양수산부 어초 수심:16.7m (해도:KR4G3E10),,Fish,gyeongsang_points.gpx
34.902691,128.473475,,해양수산부 어초 수심:6.2m (해도:KR4G3E10),해양수산부 어초 수심:6.2m (해도:KR4G3E10),,Fish,gyeongsang_points.gpx
34.883248,128.428657,,해양수산부 어초 수심:6.3m (해도:KR4G3E10),해양수산부 어초 수심:6.3m (해도:KR4G3E10),,Fish,gyeongsang_points.gpx
34.880724,128.335908,,해양수산부 어초 수심:4.5m (해도:KR4G3E10),해양수산부 어초 수심:4.5m (해도:KR4G3E10),,Fish,gyeongsang_points.gpx
34.751524,128.490482,,해양수산부 어초 수심:27.5m (해도:KR4G3E10),해양수산부 어초 수심:27.5m (해도:KR4G3E10),,Fish,gyeongsang_points.gpx
34.773534,128.454358,,해양수산부 어초 수심:15.9m (해도:KR4G3E10),해양수산부 어초 수심:15.9m (해도:KR4G3E10),,Fish,gyeongsang_points.gpx
34.763934,128.394425,,해양수산부 어초 수심:26m (해도:KR4G3E10),해양수산부 어초 수심:26m (해도:KR4G3E10),,Fish,gyeongsang_points.gpx
34.785635,128.435493,,해양수산부 어초 수심:9.7m (해도:KR4G3E10),해양수산부 어초 수심:9.7m (해도:KR4G3E10),,Fish,gyeongsang_points.gpx
34.739778,128.401639,,해양수산부 어초 수심:0.4m (해도:KR4G3E10),해양수산부 어초 수심:0.4m (해도:KR4G3E10),,Fish,gyeongsang_points.gpx
34.749359,128.375206,,해양수산부 어초 수심:40m (해도:KR4G3E10),해양수산부 어초 수심:40m (해도:KR4G3E10),,Fish,gyeongsang_points.gpx
34.739384,128.375408,,해양수산부 어초 수심:52m (해도:KR4G3E10),해양수산부 어초 수심:52m (해도:KR4G3E10),,Fish,gyeongsang_points.gpx
34.806124,128.367798,,해양수산부 어초 수심:8.8m (해도:KR4G3E10),해양수산부 어초 수심:8.8m (해도:KR4G3E10),,Fish,gyeongsang_points.gpx
34.738064,128.392576,,해양수산부 어초 수심:0.6m (해도:KR4G3E10),해양수산부 어초 수심:0.6m (해도:KR4G3E10),,Fish,gyeongsang_points.gpx
34.847665,128.465914,,해양수산부 어초 수심:8.1m (해도:KR4G3E10),해양수산부 어초 수심:8.1m (해도:KR4G3E10),,Fish,gyeongsang_points.gpx
34.803282,128.478407,,해양수산부 어초 수심:3.8m (해도:KR4G3E10),해양수산부 어초 수심:3.8m (해도:KR4G3E10),,Fish,gyeongsang_points.gpx
34.76202,128.498127,,해양수산부 어초 수심:1.1m (해도:KR4G3E10),해양수산부 어초 수심:1.1m (해도:KR4G3E10),,Fish,gyeongsang_points.gpx
34.836732,128.427793,,해양수산부 어초 수심:6.1m (해도:KR4G3E10),해양수산부 어초 수심:6.1m (해도:KR4G3E10),,Fish,gyeongsang_points.gpx
34.716043,128.023986,,해양수산부 어초 수심:1.3m (해도:KR4G3E10),해양수산부 어초 수심:1.3m (해도:KR4G3E10),,Fish,gyeongsang_points.gpx
34.748015,128.535224,,해양수산부 어초 수심:21.5m (해도:KR4G3E20),해양수산부 어초 수심:21.5m (해도:KR4G3E20),,Fish,gyeongsang_points.gpx
34.712619,128.547061,,해양수산부 어초 수심:25.5m (해도:KR4G3E20),해양수산부 어초 수심:25.5m (해도:KR4G3E20),,Fish,gyeongsang_points.gpx
34.725422,128.501669,,해양수산부 어초 수심:15.4m (해도:KR4G3E20),해양수산부 어초 수심:15.4m (해도:KR4G3E20),,Fish,gyeongsang_points.gpx
34.728675,128.504186,,해양수산부 어초 수심:9.5m (해도:KR4G3E20),해양수산부 어초 수심:9.5m (해도:KR4G3E20),,Fish,gyeongsang_points.gpx
34.757359,128.576483,,해양수산부 어초 수심:7.2m (해도:KR4G3E20),해양수산부 어초 수심:7.2m (해도:KR4G3E20),,Fish,gyeongsang_points.gpx
34.809593,128.549855,,해양수산부 어초 수심:4.9m (해도:KR4G3E20),해양수산부 어초 수심:4.9m (해도:KR4G3E20),,Fish,gyeongsang_points.gpx
34.752207,128.572898,,해양수산부 어초 수심:18m (해도:KR4G3E20),해양수산부 어초 수심:18m (해도:KR4G3E20),,Fish,gyeongsang_points.gpx
34.820081,128.578204,,해양수산부 어초 수심:5.1m (해도:KR4G3E20),해양수산부 어초 수심:5.1m (해도:KR4G3E20),,Fish,gyeongsang_points.gpx
34.711033,128.551335,,해양수산부 어초 수심:25.3m (해도:KR4G3E20),해양수산부 어초 수심:25.3m (해도:KR4G3E20),,Fish,gyeongsang_points.gpx
34.8344,128.579817,,해양수산부 어초 수심:3.8m (해도:KR4G3E20),해양수산부 어초 수심:3.8m (해도:KR4G3E20),,Fish,gyeongsang_points.gpx
34.756707,128.519518,,해양수산부 어초 수심:0.4m (해도:KR4G3E20),해양수산부 어초 수심:0.4m (해도:KR4G3E20),,Fish,gyeongsang_points.gpx
34.838899,128.242734,,해양수산부 어초 수심:13.9m (해도:KR4G3E10),해양수산부 어초 수심:13.9m (해도:KR4G3E10),,Fish,gyeongsang_points.gpx
34.710062,128.470146,,해양수산부 어초 수심:24.5m (해도:KR4G3E10),해양수산부 어초 수심:24.5m (해도:KR4G3E10),,Fish,gyeongsang_points.gpx
34.703006,128.034251,,해양수산부 어초 수심:4.7m (해도:KR4G3E10),해양수산부 어초 수심:4.7m (해도:KR4G3E10),,Fish,gyeongsang_points.gpx
34.829625,128.250657,,해양수산부 어초 수심:9.4m (해도:KR4G3E10),해양수산부 어초 수심:9.4m (해도:KR4G3E10),,Fish,gyeongsang_points.gpx
34.80756,128.254439,,해양수산부 어초 수심:6m (해도:KR4G3E10),해양수산부 어초 수심:6m (해도:KR4G3E10),,Fish,gyeongsang_points.gpx
34.901219,128.293175,,해양수산부 어초 수심:6.5m (해도:KR4G3E10),해양수산부 어초 수심:6.5m (해도:KR4G3E10),,Fish,gyeongsang_points.gpx
34.706467,128.035031,,해양수산부 어초 수심:4.5m (해도:KR4G3E10),해양수산부 어초 수심:4.5m (해도:KR4G3E10),,Fish,gyeongsang_points.gpx
34.857216,128.220698,,해양수산부 어초 수심:9.2m (해도:KR4G3E10),해양수산부 어초 수심:9.2m (해도:KR4G3E10),,Fish,gyeongsang_points.gpx
34.679642,128.232905,,해양수산부 어초 수심:24m (해도:KR4G3E10),해양수산부 어초 수심:24m (해도:KR4G3E10),,Fish,gyeongsang_points.gpx
34.771068,128.054147,,해양수산부 어초 수심:1m (해도:KR4G3E10),해양수산부 어초 수심:1m (해도:KR4G3E10),,Fish,gyeongsang_points.gpx
34.805056,128.244611,,해양수산부 어초 수심:1.9m (해도:KR4G3E10),해양수산부 어초 수심:1.9m (해도:KR4G3E10),,Fish,gyeongsang_points.gpx
34.879998,128.324657,,해양수산부 어초 수심:4.5m (해도:KR4G3E10),해양수산부 어초 수심:4.5m (해도:KR4G3E10),,Fish,gyeongsang_points.gpx
34.867552,128.239352,,해양수산부 어초 수심:5.6m (해도:KR4G3E10),해양수산부 어초 수심:5.6m (해도:KR4G3E10),,Fish,gyeongsang_points.gpx
34.760425,128.091875,,해양수산부 어초 수심:18.5m (해도:KR4G3E10),해양수산부 어초 수심:18.5m (해도:KR4G3E10),,Fish,gyeongsang_points.gpx
34.699338,128.033381,,해양수산부 어초 수심:9.9m (해도:KR4G3E10),해양수산부 어초 수심:9.9m (해도:KR4G3E10),,Fish,gyeongsang_points.gpx
34.75835,128.084675,,해양수산부 어초 수심:19.2m (해도:KR4G3E10),해양수산부 어초 수심:19.2m (해도:KR4G3E10),,Fish,gyeongsang_points.gpx
34.90089,128.28679,,해양수산부 어초 수심:7.7m (해도:KR4G3E10),해양수산부 어초 수심:7.7m (해도:KR4G3E10),,Fish,gyeongsang_points.gpx
34.879023,128.284998,,해양수산부 어초 수심:7.8m (해도:KR4G3E10),해양수산부 어초 수심:7.8m (해도:KR4G3E10),,Fish,gyeongsang_points.gpx
34.852864,128.212459,,해양수산부 어초 수심:5.2m (해도:KR4G3E10),해양수산부 어초 수심:5.2m (해도:KR4G3E10),,Fish,gyeongsang_points.gpx
34.835773,128.278557,,해양수산부 어초 수심:6.7m (해도:KR4G3E10),해양수산부 어초 수심:6.7m (해도:KR4G3E10),,Fish,gyeongsang_points.gpx
34.658239,128.199193,,해양수산부 어초 수심:36m (해도:KR4G3E10),해양수산부 어초 수심:36m (해도:KR4G3E10),,Fish,gyeongsang_points.gpx
34.662826,128.240885,,해양수산부 어초 수심:46m (해도:KR4G3E10),해양수산부 어초 수심:46m (해도:KR4G3E10),,Fish,gyeongsang_points.gpx
34.664412,128.226112,,해양수산부 어초 수심:39m (해도:KR4G3E10),해양수산부 어초 수심:39m (해도:KR4G3E10),,Fish,gyeongsang_points.gpx
34.721409,128.409868,,해양수산부 어초 수심:45m (해도:KR4G3E10),해양수산부 어초 수심:45m (해도:KR4G3E10),,Fish,gyeongsang_points.gpx
34.658069,128.254743,,해양수산부 어초 수심:40m (해도:KR4G3E10),해양수산부 어초 수심:40m (해도:KR4G3E10),,Fish,gyeongsang_points.gpx
34.732675,128.380957,,해양수산부 어초 수심:41m (해도:KR4G3E10),해양수산부 어초 수심:41m (해도:KR4G3E10),,Fish,gyeongsang_points.gpx
34.698264,128.294792,,해양수산부 어초 수심:49m (해도:KR4G3E10),해양수산부 어초 수심:49m (해도:KR4G3E10),,Fish,gyeongsang_points.gpx
34.690298,128.260711,,해양수산부 어초 수심:43m (해도:KR4G3E10),해양수산부 어초 수심:43m (해도:KR4G3E10),,Fish,gyeongsang_points.gpx
34.688471,128.392686,,해양수산부 어초 수심:47m (해도:KR4G3E10),해양수산부 어초 수심:47m (해도:KR4G3E10),,Fish,gyeongsang_points.gpx
34.660897,128.200155,,해양수산부 어초 수심:41m (해도:KR4G3E10),해양수산부 어초 수심:41m (해도:KR4G3E10),,Fish,gyeongsang_points.gpx
34.714717,128.189753,,해양수산부 어초 수심:31m (해도:KR4G3E10),해양수산부 어초 수심:31m (해도:KR4G3E10),,Fish,gyeongsang_points.gpx
34.729405,128.380087,,해양수산부 어초 수심:54m (해도:KR4G3E10),해양수산부 어초 수심:54m (해도:KR4G3E10),,Fish,gyeongsang_points.gpx
34.719768,128.432068,,해양수산부 어초 수심:34m (해도:KR4G3E10),해양수산부 어초 수심:34m (해도:KR4G3E10),,Fish,gyeongsang_points.gpx
34.700351,128.445749,,해양수산부 어초 수심:56m (해도:KR4G3E10),해양수산부 어초 수심:56m (해도:KR4G3E10),,Fish,gyeongsang_points.gpx
34.667728,128.319221,,해양수산부 어초 수심:38m (해도:KR4G3E10),해양수산부 어초 수심:38m (해도:KR4G3E10),,Fish,gyeongsang_points.gpx
34.985929,128.457368,,해양수산부 어초 수심:16.1m (해도:KR4G3E10),해양수산부 어초 수심:16.1m (해도:KR4G3E10),,Fish,gyeongsang_points.gpx
34.976918,128.471449,,해양수산부 어초 수심:19.8m (해도:KR4G3E10),해양수산부 어초 수심:19.8m (해도:KR4G3E10),,Fish,gyeongsang_points.gpx
34.691824,128.477401,,해양수산부 어초 수심:44m (해도:KR4G3E10),해양수산부 어초 수심:44m (해도:KR4G3E10),,Fish,gyeongsang_points.gpx
34.190669,128.40832,,해양수산부 어초 수심:77m (해도:KR4G3E30),해양수산부 어초 수심:77m (해도:KR4G3E30),,Fish,gyeongsang_points.gpx
34.45467,127.809754,,해양수산부 어초 수심:19.8m (해도:KR4F4H40),해양수산부 어초 수심:19.8m (해도:KR4F4H40),,Fish,gyeongsang_points.gpx
34.443047,127.791675,,해양수산부 어초 수심:14.5m (해도:KR4F4H40),해양수산부 어초 수심:14.5m (해도:KR4F4H40),,Fish,gyeongsang_points.gpx
34.498533,127.753361,,해양수산부 어초 수심:14.5m (해도:KR4F4H40),해양수산부 어초 수심:14.5m (해도:KR4F4H40),,Fish,gyeongsang_points.gpx
34.500354,127.823774,,해양수산부 어초 수심:17.9m (해도:KR4F4H20),해양수산부 어초 수심:17.9m (해도:KR4F4H20),,Fish,gyeongsang_points.gpx
34.509979,127.73254,,해양수산부 어초 수심:13.9m (해도:KR4F4H20),해양수산부 어초 수심:13.9m (해도:KR4F4H20),,Fish,gyeongsang_points.gpx
34.503606,127.729444,,해양수산부 어초 수심:21.5m (해도:KR4F4H20),해양수산부 어초 수심:21.5m (해도:KR4F4H20),,Fish,gyeongsang_points.gpx
34.504342,127.799685,,해양수산부 어초 수심:10.2m (해도:KR4F4H20),해양수산부 어초 수심:10.2m (해도:KR4F4H20),,Fish,gyeongsang_points.gpx
34.514965,127.792318,,해양수산부 어초 수심:16.9m (해도:KR4F4H20),해양수산부 어초 수심:16.9m (해도:KR4F4H20),,Fish,gyeongsang_points.gpx
34.505674,127.806512,,해양수산부 어초 수심:22.5m (해도:KR4F4H20),해양수산부 어초 수심:22.5m (해도:KR4F4H20),,Fish,gyeongsang_points.gpx
34.686278,128.630343,,해양수산부 어초 수심:29.5m (해도:KR4G3E20),해양수산부 어초 수심:29.5m (해도:KR4G3E20),,Fish,gyeongsang_points.gpx
34.68647,128.6377,,해양수산부 어초 수심:27.7m (해도:KR4G3E20),해양수산부 어초 수심:27.7m (해도:KR4G3E20),,Fish,gyeongsang_points.gpx
34.618231,128.28233,,해양수산부 어초 수심:27m (해도:KR4G3E10),해양수산부 어초 수심:27m (해도:KR4G3E10),,Fish,gyeongsang_points.gpx
34.616779,128.296295,,해양수산부 어초 수심:22.5m (해도:KR4G3E10),해양수산부 어초 수심:22.5m (해도:KR4G3E10),,Fish,gyeongsang_points.gpx
34.642159,128.231937,,해양수산부 어초 수심:19.5m (해도:KR4G3E10),해양수산부 어초 수심:19.5m (해도:KR4G3E10),,Fish,gyeongsang_points.gpx
34.629166,128.208007,,해양수산부 어초 수심:39m (해도:KR4G3E10),해양수산부 어초 수심:39m (해도:KR4G3E10),,Fish,gyeongsang_points.gpx
34.550528,128.365179,,해양수산부 어초 수심:46m (해도:KR4G3E10),해양수산부 어초 수심:46m (해도:KR4G3E10),,Fish,gyeongsang_points.gpx
34.574077,128.35241,,해양수산부 어초 수심:34m (해도:KR4G3E10),해양수산부 어초 수심:34m (해도:KR4G3E10),,Fish,gyeongsang_points.gpx
34.64177,128.19771,,해양수산부 어초 수심:35m (해도:KR4G3E10),해양수산부 어초 수심:35m (해도:KR4G3E10),,Fish,gyeongsang_points.gpx
34.610082,128.364892,,해양수산부 어초 수심:44m (해도:KR4G3E10),해양수산부 어초 수심:44m (해도:KR4G3E10),,Fish,gyeongsang_points.gpx
34.557327,128.195917,,해양수산부 어초 수심:42m (해도:KR4G3E10),해양수산부 어초 수심:42m (해도:KR4G3E10),,Fish,gyeongsang_points.gpx
34.615564,128.367617,,해양수산부 어초 수심:43m (해도:KR4G3E10),해양수산부 어초 수심:43m (해도:KR4G3E10),,Fish,gyeongsang_points.gpx
34.642276,128.207891,,해양수산부 어초 수심:37m (해도:KR4G3E10),해양수산부 어초 수심:37m (해도:KR4G3E10),,Fish,gyeongsang_points.gpx
34.599922,128.332483,,해양수산부 어초 수심:43m (해도:KR4G3E10),해양수산부 어초 수심:43m (해도:KR4G3E10),,Fish,gyeongsang_points.gpx
34.599874,128.357527,,해양수산부 어초 수심:45m (해도:KR4G3E10),해양수산부 어초 수심:45m (해도:KR4G3E10),,Fish,gyeongsang_points.gpx
34.649168,128.383118,,해양수산부 어초 수심:40m (해도:KR4G3E10),해양수산부 어초 수심:40m (해도:KR4G3E10),,Fish,gyeongsang_points.gpx
34.644647,128.390428,,해양수산부 어초 수심:35m (해도:KR4G3E10),해양수산부 어초 수심:35m (해도:KR4G3E10),,Fish,gyeongsang_points.gpx
34.649499,128.454163,,해양수산부 어초 수심:50m (해도:KR4G3E10),해양수산부 어초 수심:50m (해도:KR4G3E10),,Fish,gyeongsang_points.gpx
34.585053,128.374801,,해양수산부 어초 수심:51m (해도:KR4G3E10),해양수산부 어초 수심:51m (해도:KR4G3E10),,Fish,gyeongsang_points.gpx
34.598885,128.369001,,해양수산부 어초 수심:47m (해도:KR4G3E10),해양수산부 어초 수심:47m (해도:KR4G3E10),,Fish,gyeongsang_points.gpx
34.638904,128.465109,,해양수산부 어초 수심:33m (해도:KR4G3E10),해양수산부 어초 수심:33m (해도:KR4G3E10),,Fish,gyeongsang_points.gpx
34.64895,128.388785,,해양수산부 어초 수심:35m (해도:KR4G3E10),해양수산부 어초 수심:35m (해도:KR4G3E10),,Fish,gyeongsang_points.gpx
34.561658,128.370622,,해양수산부 어초 수심:36m (해도:KR4G3E10),해양수산부 어초 수심:36m (해도:KR4G3E10),,Fish,gyeongsang_points.gpx
34.632998,128.199554,,해양수산부 어초 수심:36m (해도:KR4G3E10),해양수산부 어초 수심:36m (해도:KR4G3E10),,Fish,gyeongsang_points.gpx
34.615246,128.356534,,해양수산부 어초 수심:42m (해도:KR4G3E10),해양수산부 어초 수심:42m (해도:KR4G3E10),,Fish,gyeongsang_points.gpx
34.570614,128.367428,,해양수산부 어초 수심:36m (해도:KR4G3E10),해양수산부 어초 수심:36m (해도:KR4G3E10),,Fish,gyeongsang_points.gpx
34.613138,128.226441,,해양수산부 어초 수심:49m (해도:KR4G3E10),해양수산부 어초 수심:49m (해도:KR4G3E10),,Fish,gyeongsang_points.gpx
34.590227,128.351926,,해양수산부 어초 수심:58m (해도:KR4G3E10),해양수산부 어초 수심:58m (해도:KR4G3E10),,Fish,gyeongsang_points.gpx
34.616127,128.398618,,해양수산부 어초 수심:44m (해도:KR4G3E10),해양수산부 어초 수심:44m (해도:KR4G3E10),,Fish,gyeongsang_points.gpx
34.6355,128.474996,,해양수산부 어초 수심:46m (해도:KR4G3E10),해양수산부 어초 수심:46m (해도:KR4G3E10),,Fish,gyeongsang_points.gpx
34.621538,128.392006,,해양수산부 어초 수심:44m (해도:KR4G3E10),해양수산부 어초 수심:44m (해도:KR4G3E10),,Fish,gyeongsang_points.gpx
34.604459,128.431271,,해양수산부 어초 수심:44m (해도:KR4G3E10),해양수산부 어초 수심:44m (해도:KR4G3E10),,Fish,gyeongsang_points.gpx
34.580931,128.440168,,해양수산부 어초 수심:45m (해도:KR4G3E10),해양수산부 어초 수심:45m (해도:KR4G3E10),,Fish,gyeongsang_points.gpx
34.639322,128.385452,,해양수산부 어초 수심:30m (해도:KR4G3E10),해양수산부 어초 수심:30m (해도:KR4G3E10),,Fish,gyeongsang_points.gpx
34.570678,128.382879,,해양수산부 어초 수심:38m (해도:KR4G3E10),해양수산부 어초 수심:38m (해도:KR4G3E10),,Fish,gyeongsang_points.gpx
35.033307,129.240502,,해양수산부 어초 수심:93m (해도:KR4G3B30),해양수산부 어초 수심:93m (해도:KR4G3B30),,Fish,gyeongsang_points.gpx
35.052969,129.301814,,해양수산부 어초 수심:98m (해도:KR4G3B30),해양수산부 어초 수심:98m (해도:KR4G3B30),,Fish,gyeongsang_points.gpx
